{"min": 281.144775390625, "max": 316.0692138671875}