{
  "MSE_mean": 0.0004439826070941398,
  "MSE_std": 0.0009312752662517366,
  "RMSE_mean": 0.01752130970014579,
  "RMSE_std": 0.01170411523720255,
  "MAE_mean": 0.015074010594784467,
  "MAE_std": 0.011379413475685215,
  "SSIM_mean": 0.9908000457763096,
  "SSIM_std": 0.008273960567335778,
  "n_test": 8776,
  "alpha": 0.9186409711837769
}