{"train": [0.009849688464753316, 0.0033409914863854967, 0.001476284994314046, 0.0013575148985379313, 0.001319683470410226, 0.0012743824229880809, 0.0012482323365902615, 0.0012277635684002056, 0.0012050665247870696, 0.0011906580605917957, 0.0011660396058542101, 0.001159288597374669, 0.0011356006341301046, 0.0011399690213367202, 0.001108205956518714, 0.0011038439125493553, 0.001095970560326105, 0.0010744097665963473, 0.0010725454241396798, 0.0010711395583677826, 0.0010521186617127975, 0.0010438906047836674, 0.0010360098935345804, 0.001034178534853328, 0.0010278225760774345, 0.0010213144311256464, 0.001008533722102821, 0.0010013261106660777, 0.000988873683365851, 0.0009921340243475541, 0.0009807179491059601, 0.000976076214829872, 0.0009702381199284889, 0.0009647772449654196, 0.0009547159603699454, 0.0009536290491170747, 0.0009503964003052492, 0.0009435139357641109, 0.0009379315875529744, 0.0009394942187363886, 0.0009303941692630593, 0.0009267766754091821, 0.0009227435422644313, 0.0009196515366899114, 0.0009169875182679457, 0.0009165487955959344, 0.00091525869532672, 0.0009117097608620496, 0.0009108565092377531, 0.0009100825237677358], "val": [0.01915860590716339, 0.00037028226830593106, 0.00039541038156491834, 0.00039368022397903675, 0.00030280874740776497, 0.00033256615523435495, 0.00034932289470393014, 0.00030967615726096905, 0.0003094234305361369, 0.00030811846867536216, 0.0002919077643339621, 0.0002897758847323792, 0.0002827806889299983, 0.0002846252271859294, 0.0002752293098077245, 0.00030765898333051504, 0.00029147183866445805, 0.0002800021144413558, 0.0003354896094132939, 0.00028671880814004435, 0.0002998475653951835, 0.00026595035075705994, 0.000272826791643476, 0.00026998070977354735, 0.0002780091542998179, 0.0002706452228329447, 0.000262183874751017, 0.00026444075236412733, 0.00025772229541684756, 0.0002598805513864061, 0.00025502713863603924, 0.00025181446147904004, 0.0002626915985486336, 0.00025139002240368973, 0.0002633053340329366, 0.0002515618990363604, 0.00025793895432275036, 0.0002487645859667419, 0.00025772360533839477, 0.00024898072910193696, 0.0002468232255461323, 0.0002523602601385927, 0.0002464632771204366, 0.00024775642756040187, 0.0002481492696934354, 0.0002466788545250095, 0.0002455076787368417, 0.00024755848583120257, 0.0002463007572197518, 0.0002455488195926292]}