{"train": [0.05192823267795823, 0.030110658202352286, 0.026089628070503423, 0.024096625919356355, 0.023971803789865704, 0.022200008975677383, 0.02233392098602259, 0.021434066724511404, 0.021142876222985277, 0.021086701142440326, 0.020918585925553103, 0.020508745444002427, 0.02022269093567317, 0.02002999815278356, 0.01982928632629163, 0.019535588012691937, 0.019388147048319898, 0.019371333781240018, 0.019348070108512253, 0.019154600075431693, 0.01926336664463654, 0.018999488211171398, 0.01876284454279862, 0.018624234110704827, 0.018747403455728836, 0.018700378017234863, 0.018584510362603245, 0.01828268034891649, 0.018317825652940094, 0.017580828490454583, 0.017376757429762524, 0.017629050133721087, 0.017465205243301432, 0.017358016320160794, 0.017260436109214457, 0.017430672348568002, 0.017222192052170304, 0.01722692192242981, 0.017282612423698447, 0.016688145831303982, 0.016716289377130735, 0.016769285459154466, 0.016640772065387378, 0.01661653704238388, 0.016628621074196916, 0.016537698143917434, 0.016637644401430368, 0.01662523552813722, 0.016546574296624643, 0.01648390101105946], "val": [0.031613088442548495, 0.028087284977305425, 0.024149577292830567, 0.025132106719155833, 0.01865520054627567, 0.02202931792819745, 0.018940300913527608, 0.0209579981021481, 0.017843967644906002, 0.0177707523490264, 0.021767306320165117, 0.01977867467890251, 0.018040847703049034, 0.016833231207110905, 0.019639448722033468, 0.016878532012924552, 0.01642242185962833, 0.01767594922231893, 0.016419921976144183, 0.016266441565925535, 0.017407058412847044, 0.017422028096418265, 0.016492997395027787, 0.01626135663397304, 0.016533540612826608, 0.020931734722617962, 0.016111917254731874, 0.016713195553763886, 0.016648008762412285, 0.016346112968502184, 0.016981840133666992, 0.01548306657996488, 0.0157319405754033, 0.01566191152222965, 0.01571897545523227, 0.016662115476744836, 0.016136288282474223, 0.015759407740392504, 0.015837351517267013, 0.01564036437935413, 0.015298511211007629, 0.015474439333894686, 0.01571464163812566, 0.015401790760559579, 0.015432215452015605, 0.015250892046685905, 0.015260358283627932, 0.015232584193629557, 0.015375142846868872, 0.015459572778351298]}