{
  "MSE_mean": 0.0006478744647239177,
  "MSE_std": 0.001340281850607779,
  "RMSE_mean": 0.02090919593789348,
  "RMSE_std": 0.014514819666626806,
  "MAE_mean": 0.018059010326741568,
  "MAE_std": 0.014010805005898044,
  "SSIM_mean": 0.9732484121221664,
  "SSIM_std": 0.024339084393693814,
  "n_test": 8776,
  "alpha": 0.8805361390113831
}