{"train": [0.07432850941120299, 0.02088277997137267, 0.015750526680007513, 0.01342484563461189, 0.01210388532467986, 0.01113367302806912, 0.010348811120098625, 0.009525545136083733, 0.008737954526516118, 0.008070737029957413, 0.007499921738765654, 0.007184604305949845, 0.007006660892224427, 0.006862176690938135, 0.00663043272885386, 0.006538200037865679, 0.006410469007258635, 0.0062413262305261626, 0.0061249932510050835, 0.006009632525885629, 0.0059101940328535095, 0.005813325919378789, 0.00574551250689659, 0.005633697120768574, 0.005553920322013899, 0.00549039646179731, 0.005427945646869075, 0.005326799218954574, 0.005235226600243043, 0.005185791754359659, 0.005083100504317829, 0.005009747498424907, 0.0049347129130791955, 0.004880140664439665, 0.004815007684664409, 0.004714016760239786, 0.00467569167773707, 0.004592160617157242, 0.004521897372234085, 0.00444311726090894, 0.004380031388508787, 0.004324180099617514, 0.004241468337496399, 0.0041823732149047785, 0.004121298177663412], "val": [0.0228873755183224, 0.014600392427831276, 0.011515871600936842, 0.009926272194181913, 0.008827351601411626, 0.008640666893358049, 0.007474939893829088, 0.006864096559520351, 0.006147835890073584, 0.0060636831530408095, 0.005387541333258101, 0.005298130923869369, 0.005532068937972239, 0.005449004103716667, 0.004784081032346577, 0.004286928485109381, 0.0042542608766593295, 0.004660820794588415, 0.004236369827133922, 0.004627683461876586, 0.004402928626043594, 0.004629366250935151, 0.00410156019952161, 0.004164603640475272, 0.003992367017940835, 0.004135289040078371, 0.003941785056568198, 0.0038858689933900454, 0.0037351413055846136, 0.0037354074326050404, 0.003880920859806444, 0.0037645347622121137, 0.0038803269889696873, 0.0039055335940633685, 0.0037092025127032236, 0.003814239073257689, 0.0036460974988087452, 0.0038495311710492336, 0.0038104705278895644, 0.0038044275743854936, 0.003745617584185037, 0.0038580855184030555, 0.0038528920179998426, 0.0037673375679320364, 0.0038424143248735223], "ema_val": [0.0228873755183224, 0.020401280591175065, 0.017735657894103595, 0.01539284218412709, 0.01342319500931245, 0.01198843657452613, 0.010634387570317018, 0.009503300267078017, 0.008496660953976687, 0.007766767613695924, 0.007052999729564576, 0.006526539087856014, 0.006228198042890881, 0.005994439861138616, 0.005631332212501004, 0.005228011094283517, 0.004935886028996261, 0.004853366458673907, 0.004668267469211911, 0.004656092267011313, 0.004580143174720997, 0.0045949100975852435, 0.004446905128166153, 0.0043622146818588885, 0.004251260382683472, 0.004216468979901942, 0.004134063802901818, 0.004059605360048286, 0.003962266143709184, 0.003894208530377941, 0.0038902222292064915, 0.003852515989108178, 0.0038608592890666303, 0.0038742615805656515, 0.0038247438602069224, 0.0038215924241221523, 0.00376894394652813, 0.003793120113884461, 0.003798325238085992, 0.003800155938975842, 0.0037837944325386005, 0.003806081758297937, 0.003820124836208508, 0.003804288655725566, 0.0038157263564699527]}