{"lats": [29.1, 29.0, 28.9, 28.799999999999997, 28.699999999999996, 28.599999999999994, 28.499999999999993, 28.39999999999999, 28.29999999999999, 28.2, 19.6, 19.5, 19.4, 19.299999999999997, 19.199999999999996, 19.099999999999994, 18.999999999999993, 18.89999999999999, 18.79999999999999, 18.69999999999999, 18.6], "lons": [72.71, 72.80999999999999, 72.90999999999998, 73.00999999999998, 73.10999999999997, 73.20999999999997, 73.30999999999996, 73.40999999999995, 73.50999999999995, 73.60999999999994, 73.71, 76.6, 76.69999999999999, 76.79999999999998, 76.89999999999998, 76.99999999999997, 77.09999999999997, 77.19999999999996, 77.29999999999995, 77.39999999999995, 77.49999999999994, 77.6]}